21:39:16 29.03.2019;Chevrolet Aveo, 2014;"479 000  ₽
  37 000 км, 1.6 AT (116 л.с.), седан, передний, бензин";https://www.avito.ru/sankt-peterburg/avtomobili/chevrolet_aveo_2014_970839880
21:39:16 29.03.2019;Volkswagen Polo, 2015;"575 000  ₽
  52 000 км, 1.6 AT (110 л.с.), седан, передний, бензин";https://www.avito.ru/sankt-peterburg/avtomobili/volkswagen_polo_2015_1527784208
21:39:16 29.03.2019;Volkswagen Polo, 2013;"479 000  ₽
  63 000 км, 1.6 AT (105 л.с.), седан, передний, бензин";https://www.avito.ru/sankt-peterburg/avtomobili/volkswagen_polo_2013_1192085732
21:39:16 29.03.2019;Ford Focus, 2012;"489 000  ₽
  81 000 км, 2.0 AT (150 л.с.), седан, передний, бензин";https://www.avito.ru/sankt-peterburg/avtomobili/ford_focus_2012_1313454447
21:39:16 29.03.2019;"Datsun on-DO, 2019 
новый";"529 000  ₽
  1.6 AT (87 л.с.), седан, передний, бензин";https://www.avito.ru/sankt-peterburg/avtomobili/datsun_on-do_2019_1133880534
21:39:16 29.03.2019;Hyundai Solaris, 2014;"470 000  ₽
  87 547 км, 1.6 AT (123 л.с.), седан, передний, бензин";https://www.avito.ru/sankt-peterburg/avtomobili/hyundai_solaris_2014_1299619510
21:39:16 29.03.2019;Mazda 3, 2012;"520 000  ₽
  86 000 км, 1.6 AT (106 л.с.), седан, передний, бензин";https://www.avito.ru/sankt-peterburg_peterhof/avtomobili/mazda_3_2012_1173113428
21:39:16 29.03.2019;Chevrolet Epica, 2012;"500 000  ₽
  57 026 км, 2.0 AT (143 л.с.), седан, передний, бензин";https://www.avito.ru/sankt-peterburg/avtomobili/chevrolet_epica_2012_1677686722
21:39:16 29.03.2019;Skoda Rapid, 2015;420 000  ₽Битый, 80 000 км, 1.6 AT (110 л.с.), хетчбэк, передний, бензин;https://www.avito.ru/sankt-peterburg/avtomobili/skoda_rapid_2015_1604831155
21:39:16 29.03.2019;Skoda Rapid, 2018;570 000  ₽Битый, 1 200 км, 1.6 AT (110 л.с.), хетчбэк, передний, бензин;https://www.avito.ru/sankt-peterburg/avtomobili/skoda_rapid_2018_1194402152
21:39:16 29.03.2019;Peugeot 3008, 2012;"569 000  ₽
  62 729 км, 1.6 AT (150 л.с.), внедорожник, передний, бензин";https://www.avito.ru/sankt-peterburg/avtomobili/peugeot_3008_2012_1272169531
21:39:16 29.03.2019;KIA Rio, 2016;"550 000  ₽
  30 000 км, 1.6 AT (123 л.с.), хетчбэк, передний, бензин";https://www.avito.ru/sankt-peterburg/avtomobili/kia_rio_2016_1391222686
21:39:16 29.03.2019;Citroen C4, 2013;"555 000  ₽
  49 000 км, 1.6 AT (120 л.с.), хетчбэк, передний, бензин";https://www.avito.ru/sankt-peterburg/avtomobili/citroen_c4_2013_1644901031
21:39:16 29.03.2019;Volkswagen Polo, 2016;"599 000  ₽
  68 000 км, 1.6 AT (110 л.с.), седан, передний, бензин";https://www.avito.ru/sankt-peterburg/avtomobili/volkswagen_polo_2016_1665447265
21:39:16 29.03.2019;Great Wall Hover, 2012;"449 000  ₽
  83 000 км, 2.0 AT (150 л.с.), внедорожник, полный, дизель";https://www.avito.ru/sankt-peterburg/avtomobili/great_wall_hover_2012_1430415917
21:39:16 29.03.2019;Skoda Rapid, 2014;"545 000  ₽
  61 000 км, 1.6 AT (105 л.с.), хетчбэк, передний, бензин";https://www.avito.ru/sankt-peterburg/avtomobili/skoda_rapid_2014_1477346088
21:39:16 29.03.2019;Hyundai Solaris, 2014;"519 000  ₽
  79 916 км, 1.6 AT (123 л.с.), седан, передний, бензин";https://www.avito.ru/sankt-peterburg/avtomobili/hyundai_solaris_2014_1363561446
21:39:16 29.03.2019;Chevrolet Aveo, 2014;"427 000  ₽
  62 000 км, 1.6 AT (115 л.с.), седан, передний, бензин";https://www.avito.ru/sankt-peterburg/avtomobili/chevrolet_aveo_2014_1300373601
21:39:16 29.03.2019;KIA Rio, 2013;"489 000  ₽
  74 000 км, 1.6 AT (123 л.с.), седан, передний, бензин";https://www.avito.ru/sankt-peterburg/avtomobili/kia_rio_2013_1681539289
21:39:16 29.03.2019;Nissan Sentra, 2015;"460 000  ₽
  86 200 км, 1.6 AT (117 л.с.), седан, передний, бензин";https://www.avito.ru/sankt-peterburg/avtomobili/nissan_sentra_2015_1711138980
21:39:16 29.03.2019;Skoda Yeti, 2013;"569 000  ₽
  73 217 км, 1.8 AT (152 л.с.), внедорожник, полный, бензин";https://www.avito.ru/sankt-peterburg/avtomobili/skoda_yeti_2013_1385913343
21:39:16 29.03.2019;KIA Rio, 2014;"509 000  ₽
  77 000 км, 1.6 AT (123 л.с.), седан, передний, бензин";https://www.avito.ru/sankt-peterburg/avtomobili/kia_rio_2014_1467093469
21:39:16 29.03.2019;Skoda Fabia, 2014;"515 000  ₽
  80 000 км, 1.6 AT (105 л.с.), хетчбэк, передний, бензин";https://www.avito.ru/sankt-peterburg/avtomobili/skoda_fabia_2014_1386263209
21:39:16 29.03.2019;Ford Focus, 2015;"560 000  ₽
  62 800 км, 1.6 AT (105 л.с.), хетчбэк, передний, бензин";https://www.avito.ru/sankt-peterburg/avtomobili/ford_focus_2015_1607962388
21:39:16 29.03.2019;Hyundai Solaris, 2013;"550 000  ₽
  60 000 км, 1.6 AT (123 л.с.), седан, передний, бензин";https://www.avito.ru/sankt-peterburg/avtomobili/hyundai_solaris_2013_1670614182
21:39:16 29.03.2019;Mazda 3, 2012;"549 000  ₽
  81 000 км, 1.6 AT (105 л.с.), седан, передний, бензин";https://www.avito.ru/sankt-peterburg/avtomobili/mazda_3_2012_1510980651
21:39:16 29.03.2019;Volkswagen Polo, 2015;"552 000  ₽
  35 800 км, 1.6 AT (110 л.с.), седан, передний, бензин";https://www.avito.ru/sankt-peterburg/avtomobili/volkswagen_polo_2015_1444648381
21:39:16 29.03.2019;Ford Mondeo, 2012;"579 000  ₽
  87 000 км, 2.0 AT (200 л.с.), хетчбэк, передний, бензин";https://www.avito.ru/sankt-peterburg/avtomobili/ford_mondeo_2012_1272762651
21:39:16 29.03.2019;Skoda Fabia, 2012;"419 000  ₽
  69 000 км, 1.6 AT (105 л.с.), хетчбэк, передний, бензин";https://www.avito.ru/sankt-peterburg/avtomobili/skoda_fabia_2012_1615878063
21:39:16 29.03.2019;Skoda Fabia, 2012;"429 000  ₽
  82 000 км, 1.6 AT (105 л.с.), хетчбэк, передний, бензин";https://www.avito.ru/sankt-peterburg/avtomobili/skoda_fabia_2012_1709000539
21:39:16 29.03.2019;Mazda 3, 2012;"529 000  ₽
  71 000 км, 1.6 AT (105 л.с.), седан, передний, бензин";https://www.avito.ru/sankt-peterburg/avtomobili/mazda_3_2012_1358506424
21:39:16 29.03.2019;Peugeot 408, 2014;"478 000  ₽
  69 000 км, 1.6 AT (120 л.с.), седан, передний, бензин";https://www.avito.ru/sankt-peterburg/avtomobili/peugeot_408_2014_1693091181
21:39:16 29.03.2019;Opel Astra, 2014;"528 000  ₽
  68 000 км, 1.8 AT (140 л.с.), хетчбэк, передний, бензин";https://www.avito.ru/sankt-peterburg/avtomobili/opel_astra_2014_1707154573
21:39:16 29.03.2019;Chevrolet Cruze, 2013;"519 000  ₽
  84 000 км, 1.8 AT (141 л.с.), универсал, передний, бензин";https://www.avito.ru/sankt-peterburg/avtomobili/chevrolet_cruze_2013_1032656067
21:39:16 29.03.2019;Volkswagen Polo, 2012;"469 000  ₽
  75 000 км, 1.6 AT (105 л.с.), седан, полный, бензин";https://www.avito.ru/sankt-peterburg/avtomobili/volkswagen_polo_2012_1625998920
21:39:16 29.03.2019;Volkswagen Polo, 2015;"500 000  ₽
  75 850 км, 1.6 AT (105 л.с.), седан, передний, бензин";https://www.avito.ru/sankt-peterburg/avtomobili/volkswagen_polo_2015_1689551357
21:39:16 29.03.2019;Citroen C4, 2012;"449 000  ₽
  83 000 км, 1.6 AT (120 л.с.), хетчбэк, передний, бензин";https://www.avito.ru/sankt-peterburg/avtomobili/citroen_c4_2012_1229399805
21:39:16 29.03.2019;Chevrolet Cruze, 2014;"529 000  ₽
  38 000 км, 1.8 AT (141 л.с.), универсал, передний, бензин";https://www.avito.ru/sankt-peterburg/avtomobili/chevrolet_cruze_2014_1456898715
21:39:16 29.03.2019;Chevrolet Cruze, 2014;"529 000  ₽
  73 274 км, 1.6 AT (109 л.с.), седан, передний, бензин";https://www.avito.ru/sankt-peterburg/avtomobili/chevrolet_cruze_2014_1536576023
21:39:16 29.03.2019;Hyundai i30, 2013;"534 000  ₽
  52 000 км, 1.6 AT (130 л.с.), хетчбэк, передний, бензин";https://www.avito.ru/sankt-peterburg/avtomobili/hyundai_i30_2013_1322692497
21:39:16 29.03.2019;KIA Rio, 2012;"435 000  ₽
  67 000 км, 1.6 AT (123 л.с.), хетчбэк, передний, бензин";https://www.avito.ru/sankt-peterburg/avtomobili/kia_rio_2012_1421281857
21:39:16 29.03.2019;Skoda Octavia, 2012;"470 000  ₽
  84 000 км, 1.6 AT (102 л.с.), хетчбэк, передний, бензин";https://www.avito.ru/sankt-peterburg/avtomobili/skoda_octavia_2012_1655815701
21:39:16 29.03.2019;Nissan Almera, 2015;"409 888  ₽
  40 000 км, 1.6 AT (102 л.с.), седан, передний, бензин";https://www.avito.ru/sankt-peterburg/avtomobili/nissan_almera_2015_1172483503
21:39:16 29.03.2019;Hyundai Solaris, 2015;"545 000  ₽
  74 668 км, 1.6 AT (123 л.с.), седан, передний, бензин";https://www.avito.ru/sankt-peterburg/avtomobili/hyundai_solaris_2015_1278138753
21:39:16 29.03.2019;KIA Rio, 2015;"579 000  ₽
  50 000 км, 1.6 AT (123 л.с.), седан, передний, бензин";https://www.avito.ru/sankt-peterburg/avtomobili/kia_rio_2015_1373365412
21:39:16 29.03.2019;Ford Focus, 2012;"485 000  ₽
  49 000 км, 2.0 AT (149 л.с.), седан, передний, бензин";https://www.avito.ru/sankt-peterburg/avtomobili/ford_focus_2012_1627859537
21:39:16 29.03.2019;Hyundai Solaris, 2014;"588 750  ₽
  31 102 км, 1.6 AT (123 л.с.), седан, передний, бензин";https://www.avito.ru/sankt-peterburg/avtomobili/hyundai_solaris_2014_1586802676
21:39:16 29.03.2019;Volkswagen Polo, 2013;"512 000  ₽
  74 011 км, 1.6 AT (105 л.с.), седан, передний, бензин";https://www.avito.ru/sankt-peterburg/avtomobili/volkswagen_polo_2013_1449039972
21:39:16 29.03.2019;Volkswagen Polo, 2014;"495 000  ₽
  79 500 км, 1.6 AT (105 л.с.), седан, передний, бензин";https://www.avito.ru/sankt-peterburg/avtomobili/volkswagen_polo_2014_1073159807
21:39:16 29.03.2019;Hyundai Solaris, 2014;"580 000  ₽
  24 000 км, 1.6 AT (123 л.с.), седан, передний, бензин";https://www.avito.ru/sankt-peterburg/avtomobili/hyundai_solaris_2014_1226302179
21:39:16 29.03.2019;Volkswagen Polo, 2013;"559 000  ₽
  77 227 км, 1.6 AT (105 л.с.), седан, передний, бензин";https://www.avito.ru/sankt-peterburg/avtomobili/volkswagen_polo_2013_1420725875
21:39:16 29.03.2019;Chevrolet Cruze, 2013;"530 000  ₽
  87 000 км, 1.8 AT (141 л.с.), седан, передний, бензин";https://www.avito.ru/sankt-peterburg/avtomobili/chevrolet_cruze_2013_1542419888
21:39:16 29.03.2019;Volkswagen Jetta, 2012;"600 000  ₽
  56 000 км, 1.6 AT (105 л.с.), седан, передний, бензин";https://www.avito.ru/sankt-peterburg/avtomobili/volkswagen_jetta_2012_1570496859
21:39:16 29.03.2019;Skoda Fabia, 2013;"467 000  ₽
  82 831 км, 1.6 AT (105 л.с.), хетчбэк, передний, бензин";https://www.avito.ru/sankt-peterburg/avtomobili/skoda_fabia_2013_1615197916
21:39:17 29.03.2019;Ford Focus, 2015;"560 000  ₽
  62 800 км, 1.6 AT (105 л.с.), хетчбэк, передний, бензин";https://www.avito.ru/sankt-peterburg/avtomobili/ford_focus_2015_1607962388
21:39:17 29.03.2019;Volkswagen Polo, 2013;"512 000  ₽
  74 011 км, 1.6 AT (105 л.с.), седан, передний, бензин";https://www.avito.ru/sankt-peterburg/avtomobili/volkswagen_polo_2013_1449039972
21:39:17 29.03.2019;Volkswagen Jetta, 2012;"600 000  ₽
  56 000 км, 1.6 AT (105 л.с.), седан, передний, бензин";https://www.avito.ru/sankt-peterburg/avtomobili/volkswagen_jetta_2012_1570496859
21:39:17 29.03.2019;Skoda Fabia, 2013;"467 000  ₽
  82 831 км, 1.6 AT (105 л.с.), хетчбэк, передний, бензин";https://www.avito.ru/sankt-peterburg/avtomobili/skoda_fabia_2013_1615197916
21:39:17 29.03.2019;Volkswagen Polo, 2014;"525 000  ₽
  89 000 км, 1.6 AT (105 л.с.), седан, передний, бензин";https://www.avito.ru/sankt-peterburg/avtomobili/volkswagen_polo_2014_1242008126
21:39:17 29.03.2019;KIA Rio, 2017;"599 999  ₽
  52 000 км, 1.6 AT (123 л.с.), седан, передний, бензин";https://www.avito.ru/sankt-peterburg/avtomobili/kia_rio_2017_1069756165
21:39:17 29.03.2019;Peugeot 208, 2013;"520 000  ₽
  79 300 км, 1.6 AT (120 л.с.), хетчбэк, передний, бензин";https://www.avito.ru/sankt-peterburg/avtomobili/peugeot_208_2013_1711440176
21:39:17 29.03.2019;Hyundai Solaris, 2015;"600 000  ₽
  7 500 км, 1.6 AT (123 л.с.), седан, передний, бензин";https://www.avito.ru/sankt-peterburg/avtomobili/hyundai_solaris_2015_1612475521
21:39:17 29.03.2019;LADA XRAY, 2016;"495 000  ₽
  56 000 км, 1.8 AT (122 л.с.), хетчбэк, передний, бензин";https://www.avito.ru/sankt-peterburg/avtomobili/lada_xray_2016_1673448699
21:39:17 29.03.2019;Volkswagen Polo, 2012;"525 000  ₽
  47 500 км, 1.6 AT (105 л.с.), седан, передний, бензин";https://www.avito.ru/sankt-peterburg/avtomobili/volkswagen_polo_2012_1671520571
21:39:17 29.03.2019;Peugeot 308, 2012;"575 000  ₽
  56 000 км, 1.6 AT (150 л.с.), универсал, передний, бензин";https://www.avito.ru/sankt-peterburg/avtomobili/peugeot_308_2012_872567865
21:39:17 29.03.2019;Ford Focus, 2013;"455 000  ₽
  66 765 км, 1.6 AT (105 л.с.), хетчбэк, передний, бензин";https://www.avito.ru/sankt-peterburg/avtomobili/ford_focus_2013_1173368487
21:39:17 29.03.2019;KIA Cerato, 2012;"489 000  ₽
  83 000 км, 1.6 AT (126 л.с.), седан, передний, бензин";https://www.avito.ru/sankt-peterburg/avtomobili/kia_cerato_2012_1588072360
21:39:17 29.03.2019;Skoda Yeti, 2013;"589 000  ₽
  74 000 км, 1.8 AT (152 л.с.), внедорожник, полный, бензин";https://www.avito.ru/sankt-peterburg/avtomobili/skoda_yeti_2013_1400767072
21:39:17 29.03.2019;Nissan Tiida, 2013;"520 000  ₽
  77 000 км, 1.6 AT (110 л.с.), хетчбэк, передний, бензин";https://www.avito.ru/sankt-peterburg/avtomobili/nissan_tiida_2013_1724952305
21:39:17 29.03.2019;Geely Emgrand X7, 2015;"569 900  ₽
  61 000 км, 2.4 AT (148 л.с.), внедорожник, передний, бензин";https://www.avito.ru/sankt-peterburg/avtomobili/geely_emgrand_x7_2015_1098455023
21:39:17 29.03.2019;Renault Logan, 2017;"539 000  ₽
  55 840 км, 1.6 AT (102 л.с.), седан, передний, бензин";https://www.avito.ru/sankt-peterburg/avtomobili/renault_logan_2017_1355132933
21:39:17 29.03.2019;Renault Logan, 2015;"530 000  ₽
  25 500 км, 1.6 AT (102 л.с.), седан, передний, бензин";https://www.avito.ru/sankt-peterburg/avtomobili/renault_logan_2015_1639054575
21:39:17 29.03.2019;Hyundai Solaris, 2015;"575 000  ₽
  79 000 км, 1.6 AT (123 л.с.), седан, передний, бензин";https://www.avito.ru/sankt-peterburg/avtomobili/hyundai_solaris_2015_1134170563
21:39:17 29.03.2019;Nissan Almera, 2013;"419 000  ₽
  53 104 км, 1.6 AT (102 л.с.), седан, передний, бензин";https://www.avito.ru/sankt-peterburg/avtomobili/nissan_almera_2013_1710322891
21:39:17 29.03.2019;Citroen C3, 2012;"435 000  ₽
  90 000 км, 1.6 AT (120 л.с.), хетчбэк, передний, бензин";https://www.avito.ru/sankt-peterburg/avtomobili/citroen_c3_2012_1683365547
21:39:17 29.03.2019;Opel Astra, 2014;"545 000  ₽
  56 295 км, 1.6 AT (115 л.с.), седан, передний, бензин";https://www.avito.ru/sankt-peterburg/avtomobili/opel_astra_2014_1318096354
21:39:17 29.03.2019;Hyundai Solaris, 2013;"410 000  ₽
  72 065 км, 1.6 AT (123 л.с.), седан, передний, бензин";https://www.avito.ru/sankt-peterburg/avtomobili/hyundai_solaris_2013_1474173436
21:39:17 29.03.2019;Citroen DS 4, 2012;"499 000  ₽
  65 000 км, 1.6 AT (150 л.с.), хетчбэк, передний, бензин";https://www.avito.ru/sankt-peterburg/avtomobili/citroen_ds_4_2012_1670515507
21:39:17 29.03.2019;Volkswagen Polo, 2012;"425 000  ₽
  53 000 км, 1.6 AT (105 л.с.), седан, передний, бензин";https://www.avito.ru/sankt-peterburg/avtomobili/volkswagen_polo_2012_1535137331
21:39:17 29.03.2019;Renault Sandero Stepway, 2013;"435 000  ₽
  54 000 км, 1.6 AT (103 л.с.), хетчбэк, передний, бензин";https://www.avito.ru/sankt-peterburg/avtomobili/renault_sandero_stepway_2013_1599622774
21:39:17 29.03.2019;Volkswagen Polo, 2013;"468 000  ₽
  79 000 км, 1.6 AT (105 л.с.), седан, передний, бензин";https://www.avito.ru/sankt-peterburg/avtomobili/volkswagen_polo_2013_1618198868
21:39:17 29.03.2019;Opel Astra GTC, 2013;"485 000  ₽
  76 000 км, 1.6 AT (170 л.с.), хетчбэк, передний, бензин";https://www.avito.ru/sankt-peterburg/avtomobili/opel_astra_gtc_2013_1548106570
21:39:17 29.03.2019;Ford Focus, 2014;"449 900  ₽
  67 000 км, 1.6 AT (104 л.с.), хетчбэк, передний, бензин";https://www.avito.ru/sankt-peterburg/avtomobili/ford_focus_2014_1048319751
21:39:17 29.03.2019;Mazda 3, 2012;"500 000  ₽
  78 000 км, 1.6 AT (105 л.с.), хетчбэк, передний, бензин";https://www.avito.ru/sankt-peterburg/avtomobili/mazda_3_2012_1395714962
21:39:17 29.03.2019;KIA Soul, 2013;"590 000  ₽
  26 000 км, 1.6 AT (129 л.с.), хетчбэк, передний, бензин";https://www.avito.ru/sankt-peterburg/avtomobili/kia_soul_2013_1155460535
21:39:17 29.03.2019;Volkswagen Polo, 2015;"560 000  ₽
  72 000 км, 1.6 AT (105 л.с.), седан, передний, бензин";https://www.avito.ru/sankt-peterburg/avtomobili/volkswagen_polo_2015_1701650352
21:39:17 29.03.2019;Hyundai Solaris, 2018;575 000  ₽Битый, 2 200 км, 1.6 AT (123 л.с.), седан, передний, бензин;https://www.avito.ru/sankt-peterburg/avtomobili/hyundai_solaris_2018_1311183165
21:39:17 29.03.2019;Peugeot 408, 2012;"420 000  ₽
  64 000 км, 1.6 AT (120 л.с.), седан, передний, бензин";https://www.avito.ru/sankt-peterburg/avtomobili/peugeot_408_2012_1405339032
21:39:17 29.03.2019;LADA XRAY, 2017;"600 000  ₽
  23 500 км, 1.8 AT (122 л.с.), хетчбэк, передний, бензин";https://www.avito.ru/sankt-peterburg/avtomobili/lada_xray_2017_1167573788
21:39:17 29.03.2019;Renault Sandero, 2014;"479 000  ₽
  53 618 км, 1.6 AT (103 л.с.), хетчбэк, передний, бензин";https://www.avito.ru/sankt-peterburg/avtomobili/renault_sandero_2014_950730062
21:39:17 29.03.2019;Suzuki SX4, 2013;"599 000  ₽
  41 319 км, 1.6 AT (112 л.с.), хетчбэк, передний, бензин";https://www.avito.ru/sankt-peterburg/avtomobili/suzuki_sx4_2013_1316870057
21:39:17 29.03.2019;Hyundai Solaris, 2016;"599 000  ₽
  60 759 км, 1.6 AT (123 л.с.), седан, передний, бензин";https://www.avito.ru/sankt-peterburg/avtomobili/hyundai_solaris_2016_1257011315
21:39:17 29.03.2019;Ford Fiesta, 2016;"540 000  ₽
  38 000 км, 1.6 AT (106 л.с.), седан, передний, бензин";https://www.avito.ru/sankt-peterburg/avtomobili/ford_fiesta_2016_1617396626
21:39:17 29.03.2019;Skoda Rapid, 2014;"585 000  ₽
  84 000 км, 1.6 AT (105 л.с.), седан, передний, бензин";https://www.avito.ru/sankt-peterburg/avtomobili/skoda_rapid_2014_1340398141
21:39:17 29.03.2019;Nissan Almera, 2015;"540 000  ₽
  30 000 км, 1.6 AT (102 л.с.), седан, передний, бензин";https://www.avito.ru/sankt-peterburg/avtomobili/nissan_almera_2015_1020026551
21:39:17 29.03.2019;Hyundai Solaris, 2014;"575 000  ₽
  89 512 км, 1.6 AT (123 л.с.), хетчбэк, передний, бензин";https://www.avito.ru/sankt-peterburg/avtomobili/hyundai_solaris_2014_1337439723
21:39:17 29.03.2019;Hyundai Solaris, 2016;"589 000  ₽
  78 096 км, 1.6 AT (123 л.с.), седан, передний, бензин";https://www.avito.ru/sankt-peterburg/avtomobili/hyundai_solaris_2016_1488309656
21:39:17 29.03.2019;KIA Rio, 2015;"589 000  ₽
  41 682 км, 1.6 AT (123 л.с.), седан, передний, бензин";https://www.avito.ru/sankt-peterburg/avtomobili/kia_rio_2015_1189242527
21:39:17 29.03.2019;Volkswagen Polo, 2015;"560 000  ₽
  71 862 км, 1.6 AT (110 л.с.), седан, передний, бензин";https://www.avito.ru/sankt-peterburg/avtomobili/volkswagen_polo_2015_1670811448
21:39:17 29.03.2019;KIA Rio, 2015;"599 000  ₽
  70 996 км, 1.6 AT (123 л.с.), хетчбэк, передний, бензин";https://www.avito.ru/sankt-peterburg/avtomobili/kia_rio_2015_1444659503
21:39:17 29.03.2019;Renault Duster, 2013;"599 000  ₽
  61 906 км, 2.0 AT (135 л.с.), внедорожник, передний, бензин";https://www.avito.ru/sankt-peterburg/avtomobili/renault_duster_2013_1067811668
21:39:17 29.03.2019;Hyundai i30, 2012;"580 000  ₽
  88 000 км, 1.6 AT (130 л.с.), универсал, передний, бензин";https://www.avito.ru/sankt-peterburg/avtomobili/hyundai_i30_2012_1215485783
21:39:17 29.03.2019;Renault Sandero Stepway, 2014;"450 000  ₽
  65 000 км, 1.6 AT (103 л.с.), хетчбэк, передний, бензин";https://www.avito.ru/sankt-peterburg/avtomobili/renault_sandero_stepway_2014_1622969474
21:39:17 29.03.2019;Volkswagen Polo, 2016;"585 000  ₽
  35 000 км, 1.6 AT (110 л.с.), седан, передний, бензин";https://www.avito.ru/sankt-peterburg/avtomobili/volkswagen_polo_2016_1071703010
21:39:17 29.03.2019;KIA Rio, 2012;"479 000  ₽
  85 000 км, 1.6 AT (123 л.с.), седан, передний, бензин";https://www.avito.ru/sankt-peterburg/avtomobili/kia_rio_2012_1340673900
21:39:17 29.03.2019;Nissan Note, 2012;"469 000  ₽
  66 000 км, 1.6 AT (110 л.с.), хетчбэк, передний, бензин";https://www.avito.ru/sankt-peterburg/avtomobili/nissan_note_2012_1525293511
21:39:18 29.03.2019;KIA Rio, 2012;"479 000  ₽
  85 000 км, 1.6 AT (123 л.с.), седан, передний, бензин";https://www.avito.ru/sankt-peterburg/avtomobili/kia_rio_2012_1340673900
21:39:18 29.03.2019;Nissan Note, 2012;"469 000  ₽
  66 000 км, 1.6 AT (110 л.с.), хетчбэк, передний, бензин";https://www.avito.ru/sankt-peterburg/avtomobili/nissan_note_2012_1525293511
21:39:18 29.03.2019;KIA Rio, 2014;"530 000  ₽
  79 000 км, 1.6 AT (123 л.с.), седан, передний, бензин";https://www.avito.ru/sankt-peterburg/avtomobili/kia_rio_2014_1533731343
21:39:18 29.03.2019;Nissan Note, 2013;"520 000  ₽
  68 000 км, 1.6 AT (110 л.с.), хетчбэк, передний, бензин";https://www.avito.ru/sankt-peterburg/avtomobili/nissan_note_2013_982381466
21:39:18 29.03.2019;Volkswagen Polo, 2015;"499 630  ₽
  75 463 км, 1.6 AT (105 л.с.), седан, передний, бензин";https://www.avito.ru/sankt-peterburg/avtomobili/volkswagen_polo_2015_1378441831
21:39:18 29.03.2019;SsangYong Kyron, 2012;"600 000  ₽
  67 660 км, 2.3 AT (150 л.с.), внедорожник, полный, бензин";https://www.avito.ru/sankt-peterburg/avtomobili/ssangyong_kyron_2012_1706422282
21:39:18 29.03.2019;Hyundai Solaris, 2014;"480 000  ₽
  51 014 км, 1.6 AT (123 л.с.), седан, передний, бензин";https://www.avito.ru/sankt-peterburg/avtomobili/hyundai_solaris_2014_1078606508
21:39:18 29.03.2019;Skoda Rapid, 2014;"400 000  ₽
  75 000 км, 1.6 AT (105 л.с.), хетчбэк, передний, бензин";https://www.avito.ru/sankt-peterburg_kolpino/avtomobili/skoda_rapid_2014_1505920686
21:39:18 29.03.2019;Geely Emgrand X7, 2016;"580 000  ₽
  38 044 км, 2.4 AT (148 л.с.), внедорожник, передний, бензин";https://www.avito.ru/sankt-peterburg/avtomobili/geely_emgrand_x7_2016_1358514856
21:39:18 29.03.2019;Hyundai Solaris, 2013;"489 000  ₽
  58 000 км, 1.6 AT (123 л.с.), седан, передний, бензин";https://www.avito.ru/sankt-peterburg/avtomobili/hyundai_solaris_2013_1175053455
21:39:18 29.03.2019;Ford Focus, 2013;"495 000  ₽
  67 000 км, 1.6 AT (125 л.с.), хетчбэк, передний, бензин";https://www.avito.ru/sankt-peterburg/avtomobili/ford_focus_2013_930465921
21:39:18 29.03.2019;Nissan Juke, 2012;"590 000  ₽
  60 000 км, 1.6 AT (117 л.с.), внедорожник, передний, бензин";https://www.avito.ru/sankt-peterburg/avtomobili/nissan_juke_2012_1622540211
21:39:18 29.03.2019;Renault Fluence, 2014;"500 000  ₽
  59 790 км, 1.6 AT (114 л.с.), седан, передний, бензин";https://www.avito.ru/sankt-peterburg/avtomobili/renault_fluence_2014_1722058379
21:39:18 29.03.2019;KIA Rio, 2016;"595 000  ₽
  65 000 км, 1.6 AT (123 л.с.), седан, передний, бензин";https://www.avito.ru/sankt-peterburg/avtomobili/kia_rio_2016_941219622
21:39:18 29.03.2019;KIA Cerato, 2013;"520 000  ₽
  78 000 км, 1.6 AT (130 л.с.), седан, передний, бензин";https://www.avito.ru/sankt-peterburg/avtomobili/kia_cerato_2013_1043240338
21:39:18 29.03.2019;Peugeot 308, 2012;"480 000  ₽
  55 045 км, 1.6 AT (120 л.с.), хетчбэк, передний, бензин";https://www.avito.ru/sankt-peterburg/avtomobili/peugeot_308_2012_1404882156
21:39:18 29.03.2019;KIA Rio, 2013;"490 000  ₽
  71 000 км, 1.6 AT (123 л.с.), седан, передний, бензин";https://www.avito.ru/sankt-peterburg/avtomobili/kia_rio_2013_1176097022
21:39:18 29.03.2019;Opel Astra, 2012;"450 000  ₽
  84 000 км, 1.8 AT (140 л.с.), седан, передний, бензин";https://www.avito.ru/sankt-peterburg/avtomobili/opel_astra_2012_1663532601
21:39:18 29.03.2019;Opel Astra, 2012;"499 000  ₽
  84 378 км, 1.6 AT (115 л.с.), универсал, передний, бензин";https://www.avito.ru/sankt-peterburg/avtomobili/opel_astra_2012_1485920365
21:39:18 29.03.2019;KIA Rio, 2013;"478 000  ₽
  65 000 км, 1.6 AT (107 л.с.), седан, передний, бензин";https://www.avito.ru/sankt-peterburg/avtomobili/kia_rio_2013_1707027740
21:39:18 29.03.2019;KIA Cerato, 2014;"595 000  ₽
  69 000 км, 1.6 AT (129 л.с.), седан, передний, бензин";https://www.avito.ru/sankt-peterburg/avtomobili/kia_cerato_2014_1575852739
21:39:18 29.03.2019;Renault Duster, 2015;"600 000  ₽
  85 689 км, 2.0 AT (135 л.с.), внедорожник, передний, бензин";https://www.avito.ru/sankt-peterburg/avtomobili/renault_duster_2015_1387929229
21:39:18 29.03.2019;Hyundai Solaris, 2015;"580 000  ₽
  40 000 км, 1.6 AT (123 л.с.), седан, передний, бензин";https://www.avito.ru/sankt-peterburg/avtomobili/hyundai_solaris_2015_1054511468
21:39:18 29.03.2019;Volkswagen Polo, 2016;"585 000  ₽
  50 000 км, 1.6 AT (110 л.с.), седан, передний, бензин";https://www.avito.ru/sankt-peterburg/avtomobili/volkswagen_polo_2016_1181796751
21:39:18 29.03.2019;Chevrolet Cruze, 2013;"440 000  ₽
  75 000 км, 1.8 AT (141 л.с.), хетчбэк, передний, бензин";https://www.avito.ru/sankt-peterburg/avtomobili/chevrolet_cruze_2013_1101320709
21:39:18 29.03.2019;Nissan Juke, 2012;"530 000  ₽
  76 000 км, 1.6 AT (117 л.с.), внедорожник, передний, бензин";https://www.avito.ru/sankt-peterburg/avtomobili/nissan_juke_2012_1710083587
21:39:18 29.03.2019;Renault Sandero, 2013;"405 000  ₽
  79 000 км, 1.6 AT (103 л.с.), хетчбэк, передний, бензин";https://www.avito.ru/sankt-peterburg/avtomobili/renault_sandero_2013_1229343239
21:39:18 29.03.2019;KIA Rio, 2014;"555 000  ₽
  32 000 км, 1.6 AT (123 л.с.), хетчбэк, передний, бензин";https://www.avito.ru/sankt-peterburg/avtomobili/kia_rio_2014_1500153704
21:39:18 29.03.2019;Hyundai Solaris, 2016;"595 000  ₽
  66 560 км, 1.6 AT (123 л.с.), седан, передний, бензин";https://www.avito.ru/sankt-peterburg/avtomobili/hyundai_solaris_2016_1273105860
21:39:18 29.03.2019;Brilliance V5, 2014;"400 000  ₽
  22 000 км, 1.6 AT (110 л.с.), внедорожник, передний, бензин";https://www.avito.ru/sankt-peterburg/avtomobili/brilliance_v5_2014_1227775428
21:39:18 29.03.2019;Skoda Rapid, 2016;405 000  ₽Битый, 75 000 км, 1.6 AT (110 л.с.), хетчбэк, передний, бензин;https://www.avito.ru/sankt-peterburg/avtomobili/skoda_rapid_2016_1442026579
21:39:18 29.03.2019;Mazda 3, 2012;"570 000  ₽
  75 000 км, 1.6 AT (105 л.с.), седан, передний, бензин";https://www.avito.ru/sankt-peterburg/avtomobili/mazda_3_2012_1426159422
21:39:18 29.03.2019;Ford Focus, 2013;"440 000  ₽
  71 000 км, 2.0 AT (150 л.с.), седан, передний, бензин";https://www.avito.ru/sankt-peterburg/avtomobili/ford_focus_2013_1465339162
21:39:18 29.03.2019;KIA Rio, 2013;"525 000  ₽
  90 000 км, 1.6 AT (123 л.с.), седан, передний, бензин";https://www.avito.ru/sankt-peterburg/avtomobili/kia_rio_2013_1521138127
21:39:18 29.03.2019;Chevrolet Cruze, 2014;"530 000  ₽
  67 820 км, 1.6 AT (109 л.с.), седан, передний, бензин";https://www.avito.ru/sankt-peterburg/avtomobili/chevrolet_cruze_2014_1508029186
21:39:18 29.03.2019;Nissan Note, 2012;"480 000  ₽
  60 000 км, 1.6 AT (110 л.с.), хетчбэк, передний, бензин";https://www.avito.ru/sankt-peterburg/avtomobili/nissan_note_2012_1415848519
21:39:18 29.03.2019;KIA cee'd, 2013;"580 000  ₽
  31 000 км, 1.6 AT (129 л.с.), хетчбэк, передний, бензин";https://www.avito.ru/sankt-peterburg/avtomobili/kia_ceed_2013_1374320384
21:39:18 29.03.2019;Hyundai Solaris, 2014;"555 000  ₽
  59 364 км, 1.6 AT (123 л.с.), хетчбэк, передний, бензин";https://www.avito.ru/sankt-peterburg/avtomobili/hyundai_solaris_2014_1666216904
21:39:18 29.03.2019;Volkswagen Polo, 2012;"469 000  ₽
  83 000 км, 1.6 AT (105 л.с.), седан, передний, бензин";https://www.avito.ru/sankt-peterburg/avtomobili/volkswagen_polo_2012_1704276334
21:39:18 29.03.2019;Chevrolet Cruze, 2013;"535 000  ₽
  73 871 км, 1.8 AT (141 л.с.), седан, передний, бензин";https://www.avito.ru/sankt-peterburg/avtomobili/chevrolet_cruze_2013_1267181488
21:39:18 29.03.2019;Ford Focus, 2013;"439 000  ₽
  67 000 км, 1.6 AT (105 л.с.), хетчбэк, передний, бензин";https://www.avito.ru/sankt-peterburg/avtomobili/ford_focus_2013_1358431797
21:39:18 29.03.2019;Hyundai Solaris, 2015;"550 000  ₽
  57 000 км, 1.6 AT (123 л.с.), седан, передний, бензин";https://www.avito.ru/sankt-peterburg/avtomobili/hyundai_solaris_2015_1468423775
21:39:18 29.03.2019;Volkswagen Jetta, 2013;"525 000  ₽
  79 000 км, 1.6 AT (105 л.с.), седан, передний, бензин";https://www.avito.ru/sankt-peterburg/avtomobili/volkswagen_jetta_2013_1065397831
21:39:18 29.03.2019;KIA Rio, 2013;"467 000  ₽
  89 000 км, 1.6 AT (123 л.с.), седан, передний, бензин";https://www.avito.ru/sankt-peterburg/avtomobili/kia_rio_2013_1332219711
21:39:18 29.03.2019;Hyundai Solaris, 2015;"530 000  ₽
  54 500 км, 1.6 AT (123 л.с.), седан, передний, бензин";https://www.avito.ru/sankt-peterburg/avtomobili/hyundai_solaris_2015_1134932996
21:39:18 29.03.2019;Renault Logan, 2016;"599 000  ₽
  36 798 км, 1.6 AT (102 л.с.), седан, передний, бензин";https://www.avito.ru/sankt-peterburg/avtomobili/renault_logan_2016_1696178887
21:39:18 29.03.2019;"LADA Granta, 2019 
новый";"516 420  ₽
  1.6 AT (98 л.с.), седан, передний, бензин";https://www.avito.ru/sankt-peterburg/avtomobili/lada_granta_2019_1582024770
21:39:18 29.03.2019;Volkswagen Golf Plus, 2013;"480 000  ₽
  69 288 км, 1.6 AT (102 л.с.), хетчбэк, передний, бензин";https://www.avito.ru/sankt-peterburg/avtomobili/volkswagen_golf_plus_2013_1640514101
21:39:18 29.03.2019;Chevrolet Aveo, 2013;"420 000  ₽
  87 000 км, 1.6 AT (115 л.с.), седан, передний, бензин";https://www.avito.ru/sankt-peterburg/avtomobili/chevrolet_aveo_2013_1339506765
21:39:18 29.03.2019;Hyundai Solaris, 2016;"590 000  ₽
  84 800 км, 1.6 AT (123 л.с.), седан, передний, бензин";https://www.avito.ru/sankt-peterburg_pushkin/avtomobili/hyundai_solaris_2016_1512292471
21:39:18 29.03.2019;Ford Focus, 2012;"529 000  ₽
  87 900 км, 2.0 AT (150 л.с.), седан, передний, бензин";https://www.avito.ru/sankt-peterburg/avtomobili/ford_focus_2012_983992871
21:39:18 29.03.2019;KIA Rio, 2015;"565 000  ₽
  57 365 км, 1.6 AT (123 л.с.), седан, передний, бензин";https://www.avito.ru/sankt-peterburg/avtomobili/kia_rio_2015_1462364856
21:39:18 29.03.2019;Hyundai Solaris, 2016;"575 000  ₽
  58 129 км, 1.6 AT (123 л.с.), хетчбэк, передний, бензин";https://www.avito.ru/sankt-peterburg/avtomobili/hyundai_solaris_2016_1418682684
21:39:18 29.03.2019;Hyundai Solaris, 2013;"460 000  ₽
  45 639 км, 1.6 AT (123 л.с.), хетчбэк, передний, бензин";https://www.avito.ru/sankt-peterburg/avtomobili/hyundai_solaris_2013_1496529883
21:39:18 29.03.2019;KIA Rio, 2015;"590 000  ₽
  81 746 км, 1.6 AT (123 л.с.), седан, передний, бензин";https://www.avito.ru/sankt-peterburg/avtomobili/kia_rio_2015_979308465
21:39:18 29.03.2019;Hyundai Solaris, 2018;575 000  ₽Битый, 2 800 км, 1.6 AT (123 л.с.), седан, передний, бензин;https://www.avito.ru/sankt-peterburg/avtomobili/hyundai_solaris_2018_1186770011
21:39:18 29.03.2019;KIA Rio, 2015;"570 000  ₽
  85 000 км, 1.6 AT (123 л.с.), седан, передний, бензин";https://www.avito.ru/sankt-peterburg_peterhof/avtomobili/kia_rio_2015_1553489200
21:39:18 29.03.2019;KIA Rio, 2016;"589 000  ₽
  73 900 км, 1.6 AT (123 л.с.), седан, передний, бензин";https://www.avito.ru/sankt-peterburg/avtomobili/kia_rio_2016_1390619021
21:39:18 29.03.2019;Hyundai Solaris, 2014;"535 000  ₽
  79 700 км, 1.6 AT (123 л.с.), хетчбэк, передний, бензин";https://www.avito.ru/sankt-peterburg/avtomobili/hyundai_solaris_2014_1175818408
21:39:18 29.03.2019;Chevrolet Cruze, 2013;"484 000  ₽
  74 870 км, 1.8 AT (141 л.с.), хетчбэк, передний, бензин";https://www.avito.ru/sankt-peterburg/avtomobili/chevrolet_cruze_2013_1413418497
21:39:18 29.03.2019;Volkswagen Polo, 2015;"575 000  ₽
  67 000 км, 1.6 AT (110 л.с.), седан, передний, бензин";https://www.avito.ru/sankt-peterburg/avtomobili/volkswagen_polo_2015_1324347525
21:39:18 29.03.2019;Dongfeng H30 Cross, 2016;"530 000  ₽
  15 500 км, 1.6 AT (117 л.с.), хетчбэк, передний, бензин";https://www.avito.ru/sankt-peterburg/avtomobili/dongfeng_h30_cross_2016_1696217243
21:39:18 29.03.2019;Ford Focus, 2013;"485 000  ₽
  89 000 км, 1.6 AT (105 л.с.), седан, передний, бензин";https://www.avito.ru/sankt-peterburg/avtomobili/ford_focus_2013_1353676262
21:39:18 29.03.2019;Nissan Almera, 2016;"500 000  ₽
  80 000 км, 1.6 AT (102 л.с.), седан, передний, бензин";https://www.avito.ru/sankt-peterburg/avtomobili/nissan_almera_2016_1134493431
21:39:18 29.03.2019;Renault Logan, 2017;"590 000  ₽
  23 299 км, 1.6 AT (102 л.с.), седан, передний, бензин";https://www.avito.ru/sankt-peterburg/avtomobili/renault_logan_2017_1435321398
21:39:18 29.03.2019;Renault Logan, 2015;"420 000  ₽
  32 000 км, 1.6 AT (103 л.с.), седан, передний, бензин";https://www.avito.ru/sankt-peterburg/avtomobili/renault_logan_2015_1165000463
21:39:18 29.03.2019;KIA Rio, 2012;"485 000  ₽
  84 400 км, 1.6 AT (123 л.с.), седан, передний, бензин";https://www.avito.ru/sankt-peterburg/avtomobili/kia_rio_2012_1464732894
21:39:18 29.03.2019;Renault Logan, 2015;"470 000  ₽
  56 000 км, 1.6 AT (102 л.с.), седан, передний, бензин";https://www.avito.ru/sankt-peterburg/avtomobili/renault_logan_2015_1273602641
21:39:18 29.03.2019;Land Rover Range Rover Sport, 2013;450 000  ₽Битый, 50 000 км, 3.0 AT (292 л.с.), внедорожник, полный, дизель;https://www.avito.ru/sankt-peterburg/avtomobili/land_rover_range_rover_sport_2013_1476271171
21:39:18 29.03.2019;Peugeot 408, 2013;"410 000  ₽
  71 000 км, 1.6 AT (150 л.с.), седан, передний, бензин";https://www.avito.ru/sankt-peterburg/avtomobili/peugeot_408_2013_1364167062
21:39:18 29.03.2019;Ford Focus, 2014;"575 000  ₽
  83 000 км, 1.6 AT (125 л.с.), хетчбэк, передний, бензин";https://www.avito.ru/sankt-peterburg/avtomobili/ford_focus_2014_869722622
21:39:18 29.03.2019;Opel Astra, 2014;"540 000  ₽
  81 000 км, 1.8 AT (140 л.с.), хетчбэк, передний, бензин";https://www.avito.ru/sankt-peterburg/avtomobili/opel_astra_2014_1350707168
21:39:18 29.03.2019;Nissan Almera, 2014;"420 000  ₽
  65 000 км, 1.6 AT (102 л.с.), седан, передний, бензин";https://www.avito.ru/sankt-peterburg/avtomobili/nissan_almera_2014_1059730664
21:39:18 29.03.2019;KIA Rio, 2012;"467 000  ₽
  30 000 км, 1.6 AT (123 л.с.), седан, передний, бензин";https://www.avito.ru/sankt-peterburg/avtomobili/kia_rio_2012_1633515967
21:39:18 29.03.2019;Ford Focus, 2013;"499 000  ₽
  89 100 км, 2.0 AT (150 л.с.), седан, передний, бензин";https://www.avito.ru/sankt-peterburg/avtomobili/ford_focus_2013_1528971867
21:39:18 29.03.2019;KIA Cerato, 2013;"570 000  ₽
  83 000 км, 1.6 AT (126 л.с.), седан, передний, бензин";https://www.avito.ru/sankt-peterburg/avtomobili/kia_cerato_2013_1536384028
21:39:18 29.03.2019;Nissan Almera, 2014;"448 000  ₽
  57 930 км, 1.6 AT (102 л.с.), седан, передний, бензин";https://www.avito.ru/sankt-peterburg/avtomobili/nissan_almera_2014_1607649908
21:39:18 29.03.2019;Hyundai Solaris, 2013;"519 000  ₽
  52 234 км, 1.6 AT (123 л.с.), седан, передний, бензин";https://www.avito.ru/sankt-peterburg/avtomobili/hyundai_solaris_2013_1046464609
21:39:18 29.03.2019;Chevrolet Cruze, 2014;"460 000  ₽
  60 000 км, 1.6 AT (109 л.с.), хетчбэк, передний, бензин";https://www.avito.ru/sankt-peterburg/avtomobili/chevrolet_cruze_2014_1134797554
21:39:18 29.03.2019;Chevrolet Cruze, 2015;"565 000  ₽
  44 000 км, 1.6 AT (109 л.с.), седан, передний, бензин";https://www.avito.ru/sankt-peterburg/avtomobili/chevrolet_cruze_2015_1109083649
21:39:18 29.03.2019;KIA Rio, 2017;"570 000  ₽
  78 000 км, 1.6 AT (123 л.с.), седан, передний, бензин";https://www.avito.ru/sankt-peterburg/avtomobili/kia_rio_2017_1569111148
21:39:18 29.03.2019;Chevrolet Cruze, 2012;"435 000  ₽
  85 000 км, 1.6 AT (109 л.с.), седан, передний, бензин";https://www.avito.ru/sankt-peterburg/avtomobili/chevrolet_cruze_2012_1388897497
21:39:18 29.03.2019;Hyundai Solaris, 2015;"545 000  ₽
  69 000 км, 1.6 AT (123 л.с.), седан, передний, бензин";https://www.avito.ru/sankt-peterburg/avtomobili/hyundai_solaris_2015_1446877797
21:39:18 29.03.2019;Ford Focus, 2012;"589 000  ₽
  39 760 км, 1.6 AT (105 л.с.), хетчбэк, передний, бензин";https://www.avito.ru/sankt-peterburg/avtomobili/ford_focus_2012_1535870888
21:39:18 29.03.2019;Chevrolet Cruze, 2013;"475 000  ₽
  89 524 км, 1.8 AT (141 л.с.), хетчбэк, передний, бензин";https://www.avito.ru/sankt-peterburg/avtomobili/chevrolet_cruze_2013_1456024206
21:39:18 29.03.2019;Skoda Fabia, 2013;"450 000  ₽
  65 000 км, 1.6 AT (105 л.с.), хетчбэк, передний, бензин";https://www.avito.ru/sankt-peterburg/avtomobili/skoda_fabia_2013_1500257581
21:39:18 29.03.2019;Nissan Almera, 2013;"415 000  ₽
  88 000 км, 1.6 AT (102 л.с.), седан, передний, бензин";https://www.avito.ru/sankt-peterburg/avtomobili/nissan_almera_2013_1106165014
21:39:18 29.03.2019;Citroen DS 4, 2012;"599 000  ₽
  78 000 км, 1.6 AT (150 л.с.), хетчбэк, передний, бензин";https://www.avito.ru/sankt-peterburg/avtomobili/citroen_ds_4_2012_1251288327
21:39:18 29.03.2019;Hyundai Solaris, 2015;"590 000  ₽
  37 780 км, 1.6 AT (123 л.с.), седан, передний, бензин";https://www.avito.ru/sankt-peterburg/avtomobili/hyundai_solaris_2015_1302854712
21:39:18 29.03.2019;Chevrolet Cruze, 2013;"538 000  ₽
  51 000 км, 1.6 AT (109 л.с.), хетчбэк, передний, бензин";https://www.avito.ru/sankt-peterburg/avtomobili/chevrolet_cruze_2013_1339659461
21:39:19 29.03.2019;KIA Rio, 2016;"589 000  ₽
  34 959 км, 1.6 AT (123 л.с.), седан, передний, бензин";https://www.avito.ru/sankt-peterburg/avtomobili/kia_rio_2016_1012843471
21:39:19 29.03.2019;Volkswagen Polo, 2015;"589 900  ₽
  89 131 км, 1.6 AT (110 л.с.), седан, передний, бензин";https://www.avito.ru/sankt-peterburg/avtomobili/volkswagen_polo_2015_1606557214
21:39:19 29.03.2019;Chevrolet Cruze, 2012;"430 000  ₽
  89 868 км, 1.6 AT (109 л.с.), седан, передний, бензин";https://www.avito.ru/sankt-peterburg/avtomobili/chevrolet_cruze_2012_1580439258
21:39:19 29.03.2019;KIA Rio, 2014;"550 000  ₽
  42 000 км, 1.6 AT (123 л.с.), седан, передний, бензин";https://www.avito.ru/sankt-peterburg/avtomobili/kia_rio_2014_1640221312
21:39:19 29.03.2019;Chevrolet Cruze, 2013;"450 000  ₽
  86 000 км, 1.6 AT (109 л.с.), хетчбэк, передний, бензин";https://www.avito.ru/sankt-peterburg/avtomobili/chevrolet_cruze_2013_1711374142
21:39:19 29.03.2019;KIA Rio, 2016;"540 000  ₽
  87 000 км, 1.6 AT (123 л.с.), хетчбэк, передний, бензин";https://www.avito.ru/sankt-peterburg/avtomobili/kia_rio_2016_1549056816
21:39:19 29.03.2019;Citroen C4, 2012;"520 000  ₽
  86 000 км, 1.6 AT (120 л.с.), хетчбэк, передний, бензин";https://www.avito.ru/sankt-peterburg/avtomobili/citroen_c4_2012_1266136766
21:39:19 29.03.2019;Volkswagen Polo, 2015;"490 000  ₽
  80 000 км, 1.6 AT (105 л.с.), седан, передний, бензин";https://www.avito.ru/sankt-peterburg/avtomobili/volkswagen_polo_2015_1245944846
21:39:19 29.03.2019;Volkswagen Polo, 2014;"580 000  ₽
  41 000 км, 1.6 AT (105 л.с.), седан, передний, бензин";https://www.avito.ru/sankt-peterburg/avtomobili/volkswagen_polo_2014_1690397535
21:39:19 29.03.2019;Peugeot 208, 2013;"435 000  ₽
  72 874 км, 1.6 AT (120 л.с.), хетчбэк, передний, бензин";https://www.avito.ru/sankt-peterburg/avtomobili/peugeot_208_2013_1096581902
21:39:19 29.03.2019;Nissan Almera, 2015;"490 000  ₽
  64 000 км, 1.6 AT (102 л.с.), седан, передний, бензин";https://www.avito.ru/sankt-peterburg/avtomobili/nissan_almera_2015_860411976
21:39:19 29.03.2019;Hyundai i30, 2013;"549 000  ₽
  76 000 км, 1.6 AT (130 л.с.), хетчбэк, передний, бензин";https://www.avito.ru/sankt-peterburg/avtomobili/hyundai_i30_2013_1702520952
21:39:19 29.03.2019;Hyundai i30, 2013;"549 000  ₽
  77 000 км, 1.6 AT (130 л.с.), хетчбэк, передний, бензин";https://www.avito.ru/sankt-peterburg/avtomobili/hyundai_i30_2013_1283557210
21:39:19 29.03.2019;Renault Sandero Stepway, 2016;"479 888  ₽
  49 000 км, 1.6 AT (102 л.с.), хетчбэк, передний, бензин";https://www.avito.ru/sankt-peterburg/avtomobili/renault_sandero_stepway_2016_1664551755
21:39:19 29.03.2019;Great Wall Hover H5, 2013;"530 000  ₽
  79 000 км, 2.0 AT (143 л.с.), универсал, полный, дизель";https://www.avito.ru/sankt-peterburg/avtomobili/great_wall_hover_h5_2013_1681602748
21:39:19 29.03.2019;Chevrolet Cruze, 2014;"495 000  ₽
  72 121 км, 1.6 AT (109 л.с.), седан, передний, бензин";https://www.avito.ru/sankt-peterburg/avtomobili/chevrolet_cruze_2014_1341606018
21:39:19 29.03.2019;KIA Rio, 2013;"485 000  ₽
  90 000 км, 1.6 AT (78 л.с.), седан, передний, бензин";https://www.avito.ru/sankt-peterburg/avtomobili/kia_rio_2013_1622260135
21:39:19 29.03.2019;Skoda Fabia, 2014;"525 000  ₽
  75 000 км, 1.6 AT (105 л.с.), хетчбэк, передний, бензин";https://www.avito.ru/sankt-peterburg/avtomobili/skoda_fabia_2014_1720173364
21:39:19 29.03.2019;Mitsubishi Lancer, 2012;"450 000  ₽
  86 000 км, 1.6 AT (117 л.с.), седан, передний, бензин";https://www.avito.ru/sankt-peterburg/avtomobili/mitsubishi_lancer_2012_1282528597
21:39:19 29.03.2019;Nissan Sentra, 2015;"459 000  ₽
  87 753 км, 1.6 AT (117 л.с.), седан, передний, бензин";https://www.avito.ru/sankt-peterburg/avtomobili/nissan_sentra_2015_1075196778
21:39:19 29.03.2019;Chevrolet Cruze, 2012;"480 000  ₽
  55 982 км, 1.6 AT (109 л.с.), седан, передний, бензин";https://www.avito.ru/sankt-peterburg/avtomobili/chevrolet_cruze_2012_1525548198
21:39:19 29.03.2019;Citroen DS 4, 2013;"580 000  ₽
  80 000 км, 1.6 AT (150 л.с.), хетчбэк, передний, бензин";https://www.avito.ru/sankt-peterburg/avtomobili/citroen_ds_4_2013_1300966564
21:39:19 29.03.2019;Chevrolet Cruze, 2014;"485 000  ₽
  80 750 км, 1.6 AT (109 л.с.), седан, передний, бензин";https://www.avito.ru/sankt-peterburg/avtomobili/chevrolet_cruze_2014_1584921665
21:39:19 29.03.2019;Volkswagen Polo, 2015;"540 000  ₽
  73 700 км, 1.6 AT (105 л.с.), седан, передний, бензин";https://www.avito.ru/sankt-peterburg/avtomobili/volkswagen_polo_2015_1558709802
21:39:19 29.03.2019;Chevrolet Epica, 2012;"450 000  ₽
  75 000 км, 2.0 AT (143 л.с.), седан, передний, бензин";https://www.avito.ru/sankt-peterburg/avtomobili/chevrolet_epica_2012_1317752246
21:39:19 29.03.2019;Citroen DS 4, 2013;"549 000  ₽
  80 423 км, 1.6 AT (150 л.с.), хетчбэк, передний, бензин";https://www.avito.ru/sankt-peterburg/avtomobili/citroen_ds_4_2013_1647960284
21:39:19 29.03.2019;KIA Rio, 2012;400 000  ₽Битый, 82 000 км, 1.6 AT (123 л.с.), седан, передний, бензин;https://www.avito.ru/sankt-peterburg/avtomobili/kia_rio_2012_1528555218
21:39:19 29.03.2019;KIA Rio, 2013;"575 000  ₽
  19 779 км, 1.6 AT (123 л.с.), седан, передний, бензин";https://www.avito.ru/sankt-peterburg/avtomobili/kia_rio_2013_1474860647
21:39:19 29.03.2019;Skoda Fabia, 2012;"460 000  ₽
  88 280 км, 1.6 AT (105 л.с.), хетчбэк, передний, бензин";https://www.avito.ru/sankt-peterburg/avtomobili/skoda_fabia_2012_1694487668
21:39:19 29.03.2019;Citroen C-Elysee, 2013;"410 000  ₽
  89 000 км, 1.6 AT (115 л.с.), седан, передний, бензин";https://www.avito.ru/sankt-peterburg/avtomobili/citroen_c-elysee_2013_1382438042
21:39:19 29.03.2019;Citroen C4, 2014;"585 000  ₽
  30 207 км, 1.6 AT (120 л.с.), седан, передний, бензин";https://www.avito.ru/sankt-peterburg/avtomobili/citroen_c4_2014_1078555194
21:39:19 29.03.2019;Hyundai Solaris, 2015;"569 000  ₽
  41 698 км, 1.6 AT (123 л.с.), седан, передний, бензин";https://www.avito.ru/sankt-peterburg/avtomobili/hyundai_solaris_2015_1279999628
21:39:19 29.03.2019;Honda Civic, 2012;420 000  ₽Битый, 66 666 км, 1.8 AT (142 л.с.), седан, передний, бензин;https://www.avito.ru/sankt-peterburg/avtomobili/honda_civic_2012_1013395802
21:39:19 29.03.2019;Nissan Tiida, 2012;"479 000  ₽
  75 000 км, 1.6 AT (110 л.с.), хетчбэк, передний, бензин";https://www.avito.ru/sankt-peterburg/avtomobili/nissan_tiida_2012_1045198302
21:39:19 29.03.2019;Peugeot 308, 2012;"485 000  ₽
  61 000 км, 1.6 AT (120 л.с.), хетчбэк, передний, бензин";https://www.avito.ru/sankt-peterburg/avtomobili/peugeot_308_2012_1257811702
21:39:19 29.03.2019;SsangYong Actyon, 2013;"546 000  ₽
  74 337 км, 2.0 AT (149 л.с.), внедорожник, полный, бензин";https://www.avito.ru/sankt-peterburg/avtomobili/ssangyong_actyon_2013_1670272962
21:39:19 29.03.2019;Skoda Octavia, 2012;"595 000  ₽
  87 000 км, 1.8 AT (152 л.с.), седан, передний, бензин";https://www.avito.ru/sankt-peterburg/avtomobili/skoda_octavia_2012_1419674583
21:39:19 29.03.2019;Peugeot 3008, 2012;"575 000  ₽
  86 714 км, 1.6 AT (150 л.с.), внедорожник, передний, бензин";https://www.avito.ru/sankt-peterburg/avtomobili/peugeot_3008_2012_1097615804
21:39:19 29.03.2019;Volkswagen Polo, 2013;"465 000  ₽
  68 000 км, 1.6 AT (105 л.с.), седан, передний, бензин";https://www.avito.ru/sankt-peterburg/avtomobili/volkswagen_polo_2013_1405003920
21:39:19 29.03.2019;LADA Vesta, 2016;"470 000  ₽
  56 000 км, 1.6 AT (106 л.с.), седан, передний, бензин";https://www.avito.ru/sankt-peterburg/avtomobili/lada_vesta_2016_1004656409
21:39:19 29.03.2019;Mitsubishi Lancer, 2013;"580 000  ₽
  49 000 км, 1.6 AT (117 л.с.), седан, передний, бензин";https://www.avito.ru/sankt-peterburg/avtomobili/mitsubishi_lancer_2013_1408873460
21:39:19 29.03.2019;Citroen C4, 2014;"550 000  ₽
  56 150 км, 1.6 AT (120 л.с.), седан, передний, бензин";https://www.avito.ru/sankt-peterburg/avtomobili/citroen_c4_2014_1451047372
21:39:19 29.03.2019;Volkswagen Polo, 2015;"539 000  ₽
  64 201 км, 1.6 AT (105 л.с.), седан, передний, бензин";https://www.avito.ru/sankt-peterburg/avtomobili/volkswagen_polo_2015_1447805276
21:39:19 29.03.2019;Ford Focus, 2014;"590 000  ₽
  49 000 км, 1.6 AT (105 л.с.), хетчбэк, передний, бензин";https://www.avito.ru/sankt-peterburg/avtomobili/ford_focus_2014_1397846704
21:39:19 29.03.2019;Peugeot 408, 2012;"428 000  ₽
  81 000 км, 1.6 AT (150 л.с.), седан, передний, бензин";https://www.avito.ru/sankt-peterburg/avtomobili/peugeot_408_2012_1526365042
21:39:19 29.03.2019;"LADA Granta, 2018 
новый";"531 500  ₽
  1.6 AT (98 л.с.), хетчбэк, передний, бензин";https://www.avito.ru/sankt-peterburg/avtomobili/lada_granta_2018_1296790032
21:39:19 29.03.2019;SsangYong Kyron, 2014;"579 000  ₽
  81 790 км, 2.0 AT (141 л.с.), внедорожник, полный, дизель";https://www.avito.ru/sankt-peterburg/avtomobili/ssangyong_kyron_2014_1497785460
21:39:19 29.03.2019;Dongfeng H30 Cross, 2015;"410 000  ₽
  90 000 км, 1.6 AT (117 л.с.), хетчбэк, передний, бензин";https://www.avito.ru/sankt-peterburg/avtomobili/dongfeng_h30_cross_2015_1424309136
21:39:19 29.03.2019;Volkswagen Polo, 2016;"570 000  ₽
  71 379 км, 1.6 AT (110 л.с.), седан, передний, бензин";https://www.avito.ru/sankt-peterburg/avtomobili/volkswagen_polo_2016_1290351808
21:39:19 29.03.2019;KIA Venga, 2013;"599 000  ₽
  85 100 км, 1.6 AT (125 л.с.), минивэн, передний, бензин";https://www.avito.ru/sankt-peterburg/avtomobili/kia_venga_2013_1071621684
21:39:19 29.03.2019;Opel Astra, 2012;"485 000  ₽
  62 000 км, 1.8 AT (140 л.с.), хетчбэк, передний, бензин";https://www.avito.ru/sankt-peterburg_kolpino/avtomobili/opel_astra_2012_1713142224
21:39:19 29.03.2019;Hyundai Solaris, 2015;"580 000  ₽
  72 000 км, 1.6 AT (123 л.с.), седан, передний, бензин";https://www.avito.ru/sankt-peterburg_pushkin/avtomobili/hyundai_solaris_2015_1531200790
21:39:19 29.03.2019;Hyundai Solaris, 2016;"565 000  ₽
  62 830 км, 1.6 AT (123 л.с.), седан, передний, бензин";https://www.avito.ru/sankt-peterburg/avtomobili/hyundai_solaris_2016_1588178001
21:39:19 29.03.2019;Chevrolet Cruze, 2012;"490 000  ₽
  90 000 км, 1.8 AT (141 л.с.), седан, передний, бензин";https://www.avito.ru/sankt-peterburg/avtomobili/chevrolet_cruze_2012_1623198227
21:39:19 29.03.2019;Dongfeng H30 Cross, 2016;"560 000  ₽
  29 882 км, 1.6 AT (117 л.с.), хетчбэк, передний, бензин";https://www.avito.ru/sankt-peterburg/avtomobili/dongfeng_h30_cross_2016_952082245
21:39:19 29.03.2019;Skoda Fabia, 2013;"510 000  ₽
  42 920 км, 1.6 AT (105 л.с.), хетчбэк, передний, бензин";https://www.avito.ru/sankt-peterburg/avtomobili/skoda_fabia_2013_1686543715
21:39:19 29.03.2019;Renault Duster, 2012;"499 000  ₽
  78 000 км, 2.0 AT (135 л.с.), внедорожник, передний, бензин";https://www.avito.ru/sankt-peterburg/avtomobili/renault_duster_2012_1349916982
21:39:19 29.03.2019;Volkswagen Polo, 2014;"572 800  ₽
  52 776 км, 1.6 AT (105 л.с.), седан, передний, бензин";https://www.avito.ru/sankt-peterburg/avtomobili/volkswagen_polo_2014_1469514088
21:39:19 29.03.2019;Hyundai Solaris, 2014;"570 000  ₽
  42 000 км, 1.6 AT (123 л.с.), седан, передний, бензин";https://www.avito.ru/sankt-peterburg/avtomobili/hyundai_solaris_2014_1662816450
21:39:19 29.03.2019;Skoda Fabia, 2012;"449 000  ₽
  73 000 км, 1.6 AT (105 л.с.), хетчбэк, передний, бензин";https://www.avito.ru/sankt-peterburg/avtomobili/skoda_fabia_2012_1119964243
21:39:21 29.03.2019;Nissan Note, 2013;"510 000  ₽
  86 000 км, 1.6 AT (110 л.с.), хетчбэк, передний, бензин";https://www.avito.ru/sankt-peterburg/avtomobili/nissan_note_2013_1488782284
21:39:21 29.03.2019;Skoda Fabia, 2013;"530 000  ₽
  34 700 км, 1.6 AT (105 л.с.), хетчбэк, передний, бензин";https://www.avito.ru/sankt-peterburg/avtomobili/skoda_fabia_2013_1516063960
21:39:21 29.03.2019;Haima 7, 2013;"600 000  ₽
  53 550 км, 2.0 AT (150 л.с.), внедорожник, передний, бензин";https://www.avito.ru/sankt-peterburg/avtomobili/haima_7_2013_1493859087
21:39:21 29.03.2019;Hyundai Solaris, 2015;"535 000  ₽
  66 000 км, 1.6 AT (123 л.с.), седан, передний, бензин";https://www.avito.ru/sankt-peterburg/avtomobili/hyundai_solaris_2015_1139115578
21:39:21 29.03.2019;Chery Tiggo (T11), 2014;"467 000  ₽
  51 200 км, 1.6 AT (126 л.с.), внедорожник, передний, бензин";https://www.avito.ru/sankt-peterburg/avtomobili/chery_tiggo_t11_2014_1312873153
21:39:21 29.03.2019;Renault Fluence, 2014;"485 000  ₽
  90 000 км, 1.6 AT (114 л.с.), седан, передний, бензин";https://www.avito.ru/sankt-peterburg_pushkin/avtomobili/renault_fluence_2014_1516860584
21:39:21 29.03.2019;Hyundai Elantra, 2012;"510 000  ₽
  60 200 км, 1.8 AT (150 л.с.), седан, передний, бензин";https://www.avito.ru/sankt-peterburg/avtomobili/hyundai_elantra_2012_1508037296
21:39:21 29.03.2019;Nissan Almera, 2017;"595 000  ₽
  26 000 км, 1.6 AT (102 л.с.), седан, передний, бензин";https://www.avito.ru/sankt-peterburg/avtomobili/nissan_almera_2017_1658033357
21:39:21 29.03.2019;Citroen C4, 2012;"470 000  ₽
  69 000 км, 1.6 AT (88 л.с.), хетчбэк, передний, бензин";https://www.avito.ru/sankt-peterburg/avtomobili/citroen_c4_2012_1330093650
21:39:21 29.03.2019;Chevrolet Cruze, 2012;"445 000  ₽
  84 484 км, 1.8 AT (141 л.с.), хетчбэк, передний, бензин";https://www.avito.ru/sankt-peterburg/avtomobili/chevrolet_cruze_2012_1131140440
21:39:21 29.03.2019;KIA Rio, 2014;"565 000  ₽
  72 898 км, 1.6 AT (123 л.с.), хетчбэк, передний, бензин";https://www.avito.ru/sankt-peterburg/avtomobili/kia_rio_2014_1626700629
21:39:21 29.03.2019;Peugeot 308, 2013;"570 000  ₽
  75 000 км, 1.6 AT (150 л.с.), хетчбэк, передний, бензин";https://www.avito.ru/sankt-peterburg/avtomobili/peugeot_308_2013_1547953212
21:39:21 29.03.2019;Volkswagen Polo, 2013;"441 000  ₽
  83 000 км, 1.6 AT (105 л.с.), седан, передний, бензин";https://www.avito.ru/sankt-peterburg/avtomobili/volkswagen_polo_2013_1110118234
21:39:21 29.03.2019;Geely Emgrand X7, 2015;"550 000  ₽
  60 000 км, 2.4 AT (148 л.с.), внедорожник, передний, бензин";https://www.avito.ru/sankt-peterburg/avtomobili/geely_emgrand_x7_2015_1083134891
21:39:21 29.03.2019;KIA Rio, 2016;"587 000  ₽
  85 537 км, 1.6 AT (123 л.с.), хетчбэк, передний, бензин";https://www.avito.ru/sankt-peterburg/avtomobili/kia_rio_2016_1281666859
21:39:21 29.03.2019;Chevrolet Cruze, 2013;"600 000  ₽
  80 000 км, 1.8 AT (141 л.с.), хетчбэк, передний, бензин";https://www.avito.ru/sankt-peterburg/avtomobili/chevrolet_cruze_2013_1564566950
21:39:21 29.03.2019;Opel Astra, 2012;"507 000  ₽
  77 434 км, 1.6 AT (115 л.с.), хетчбэк, передний, бензин";https://www.avito.ru/sankt-peterburg/avtomobili/opel_astra_2012_1668082287
21:39:21 29.03.2019;Ford Focus, 2014;"600 000  ₽
  78 000 км, 2.0 AT (150 л.с.), хетчбэк, передний, бензин";https://www.avito.ru/sankt-peterburg/avtomobili/ford_focus_2014_1565097257
21:39:21 29.03.2019;Peugeot 408, 2013;"435 000  ₽
  85 663 км, 1.6 AT (120 л.с.), седан, передний, бензин";https://www.avito.ru/sankt-peterburg/avtomobili/peugeot_408_2013_1389719232
21:39:21 29.03.2019;Volkswagen Polo, 2015;"535 000  ₽
  88 621 км, 1.6 AT (105 л.с.), седан, передний, бензин";https://www.avito.ru/sankt-peterburg/avtomobili/volkswagen_polo_2015_1616508988
21:39:21 29.03.2019;Hyundai Solaris, 2015;"545 000  ₽
  50 000 км, 1.6 AT (123 л.с.), хетчбэк, передний, бензин";https://www.avito.ru/sankt-peterburg/avtomobili/hyundai_solaris_2015_1624405803
21:39:21 29.03.2019;Skoda Rapid, 2015;"540 000  ₽
  74 149 км, 1.6 AT (105 л.с.), хетчбэк, передний, бензин";https://www.avito.ru/sankt-peterburg/avtomobili/skoda_rapid_2015_1456628504
21:39:21 29.03.2019;Chevrolet Cruze, 2012;"480 000  ₽
  83 000 км, 1.6 AT (109 л.с.), хетчбэк, передний, бензин";https://www.avito.ru/sankt-peterburg/avtomobili/chevrolet_cruze_2012_1545751607
21:39:21 29.03.2019;Hyundai Solaris, 2014;"590 000  ₽
  85 000 км, 1.6 AT (123 л.с.), седан, передний, бензин";https://www.avito.ru/sankt-peterburg/avtomobili/hyundai_solaris_2014_1509075929
21:39:21 29.03.2019;Citroen C4, 2013;"598 000  ₽
  31 000 км, 1.6 AT (120 л.с.), хетчбэк, передний, бензин";https://www.avito.ru/sankt-peterburg/avtomobili/citroen_c4_2013_940245947
21:39:21 29.03.2019;Hyundai Solaris, 2014;"500 000  ₽
  79 054 км, 1.6 AT (123 л.с.), седан, передний, бензин";https://www.avito.ru/sankt-peterburg/avtomobili/hyundai_solaris_2014_1201004999
21:39:21 29.03.2019;Renault Duster, 2013;"534 000  ₽
  83 000 км, 2.0 AT (135 л.с.), внедорожник, передний, бензин";https://www.avito.ru/sankt-peterburg/avtomobili/renault_duster_2013_1197735294
21:39:21 29.03.2019;Hyundai Solaris, 2013;"495 000  ₽
  87 520 км, 1.6 AT (123 л.с.), седан, передний, бензин";https://www.avito.ru/sankt-peterburg/avtomobili/hyundai_solaris_2013_1581698981
21:39:21 29.03.2019;Peugeot 3008, 2012;"547 000  ₽
  63 544 км, 1.6 AT (150 л.с.), внедорожник, передний, бензин";https://www.avito.ru/sankt-peterburg/avtomobili/peugeot_3008_2012_1351550906
21:39:21 29.03.2019;Peugeot 308, 2012;"423 000  ₽
  84 852 км, 1.6 AT (120 л.с.), хетчбэк, передний, бензин";https://www.avito.ru/sankt-peterburg/avtomobili/peugeot_308_2012_1283933344
21:39:21 29.03.2019;Renault Sandero, 2013;"435 000  ₽
  77 601 км, 1.6 AT (103 л.с.), хетчбэк, передний, бензин";https://www.avito.ru/sankt-peterburg/avtomobili/renault_sandero_2013_1641452656
21:39:21 29.03.2019;Hyundai Solaris, 2012;"455 000  ₽
  58 630 км, 1.6 AT (123 л.с.), седан, передний, бензин";https://www.avito.ru/sankt-peterburg/avtomobili/hyundai_solaris_2012_945956256
21:39:21 29.03.2019;Chevrolet Cruze, 2013;"520 000  ₽
  88 000 км, 1.8 AT (141 л.с.), универсал, передний, бензин";https://www.avito.ru/sankt-peterburg/avtomobili/chevrolet_cruze_2013_1288619875
21:39:21 29.03.2019;KIA Rio, 2012;"420 000  ₽
  88 000 км, 1.6 AT (123 л.с.), седан, передний, бензин";https://www.avito.ru/sankt-peterburg/avtomobili/kia_rio_2012_1538101122
21:39:21 29.03.2019;Geely Emgrand X7, 2015;"550 000  ₽
  45 000 км, 2.4 AT (148 л.с.), внедорожник, передний, бензин";https://www.avito.ru/sankt-peterburg/avtomobili/geely_emgrand_x7_2015_1146547560
21:39:21 29.03.2019;Ford Focus, 2013;"450 000  ₽
  89 000 км, 1.6 AT (105 л.с.), хетчбэк, передний, бензин";https://www.avito.ru/sankt-peterburg_pushkin/avtomobili/ford_focus_2013_1420744532
21:39:21 29.03.2019;Chevrolet Aveo, 2015;"550 000  ₽
  59 000 км, 1.6 AT (115 л.с.), седан, передний, бензин";https://www.avito.ru/sankt-peterburg/avtomobili/chevrolet_aveo_2015_941126638
21:39:21 29.03.2019;Changan CS35, 2015;"520 000  ₽
  48 000 км, 1.6 AT (113 л.с.), внедорожник, передний, бензин";https://www.avito.ru/sankt-peterburg/avtomobili/changan_cs35_2015_1418990417
21:39:21 29.03.2019;Volkswagen Polo, 2015;"570 000  ₽
  56 551 км, 1.6 AT (105 л.с.), седан, передний, бензин";https://www.avito.ru/sankt-peterburg/avtomobili/volkswagen_polo_2015_1511045232
21:39:21 29.03.2019;Hyundai Solaris, 2015;"590 000  ₽
  77 000 км, 1.6 AT (123 л.с.), седан, передний, бензин";https://www.avito.ru/sankt-peterburg/avtomobili/hyundai_solaris_2015_1283706754
21:39:21 29.03.2019;Datsun mi-DO, 2017;"495 000  ₽
  4 050 км, 1.6 AT (87 л.с.), хетчбэк, передний, бензин";https://www.avito.ru/sankt-peterburg/avtomobili/datsun_mi-do_2017_1385238929
21:39:21 29.03.2019;Skoda Fabia, 2012;"479 000  ₽
  68 800 км, 1.6 AT (105 л.с.), хетчбэк, передний, бензин";https://www.avito.ru/sankt-peterburg/avtomobili/skoda_fabia_2012_1577098658
21:39:21 29.03.2019;Ford Focus, 2015;"595 000  ₽
  76 174 км, 1.6 AT (125 л.с.), универсал, передний, бензин";https://www.avito.ru/sankt-peterburg/avtomobili/ford_focus_2015_1721108620
21:39:21 29.03.2019;Changan CS35, 2014;"455 000  ₽
  65 540 км, 1.6 AT (113 л.с.), внедорожник, передний, бензин";https://www.avito.ru/sankt-peterburg/avtomobili/changan_cs35_2014_1288642234
21:39:21 29.03.2019;Great Wall Hover H5, 2012;"450 000  ₽
  80 000 км, 2.0 AT (150 л.с.), внедорожник, полный, дизель";https://www.avito.ru/sankt-peterburg_kronstadt/avtomobili/great_wall_hover_h5_2012_1723409737
21:39:21 29.03.2019;Volkswagen Polo, 2017;550 000  ₽Битый, 31 000 км, 1.6 AT (110 л.с.), седан, передний, бензин;https://www.avito.ru/sankt-peterburg/avtomobili/volkswagen_polo_2017_1338101469
21:39:21 29.03.2019;Opel Astra, 2013;"460 000  ₽
  65 000 км, 1.6 AT (115 л.с.), хетчбэк, передний, бензин";https://www.avito.ru/sankt-peterburg/avtomobili/opel_astra_2013_1228995227
21:39:21 29.03.2019;Hyundai Solaris, 2014;"540 000  ₽
  83 439 км, 1.6 AT (123 л.с.), седан, передний, бензин";https://www.avito.ru/sankt-peterburg/avtomobili/hyundai_solaris_2014_1430474310
21:39:21 29.03.2019;KIA Rio, 2016;"569 000  ₽
  35 934 км, 1.6 AT (123 л.с.), седан, передний, бензин";https://www.avito.ru/sankt-peterburg/avtomobili/kia_rio_2016_1413499262
21:39:21 29.03.2019;KIA Rio, 2014;"549 000  ₽
  87 252 км, 1.6 AT (123 л.с.), седан, передний, бензин";https://www.avito.ru/sankt-peterburg/avtomobili/kia_rio_2014_1371502105
21:39:22 29.03.2019;Hyundai Solaris, 2014;"569 000  ₽
  56 395 км, 1.6 AT (123 л.с.), седан, передний, бензин";https://www.avito.ru/sankt-peterburg/avtomobili/hyundai_solaris_2014_1010987348
21:39:22 29.03.2019;Citroen DS 4, 2012;"480 000  ₽
  78 266 км, 1.6 AT (150 л.с.), хетчбэк, передний, бензин";https://www.avito.ru/sankt-peterburg/avtomobili/citroen_ds_4_2012_1591826771
21:39:22 29.03.2019;Volkswagen Polo, 2012;"450 000  ₽
  75 000 км, 1.6 AT (105 л.с.), седан, передний, бензин";https://www.avito.ru/sankt-peterburg/avtomobili/volkswagen_polo_2012_1721867503
21:39:22 29.03.2019;Geely Emgrand X7, 2015;"580 000  ₽
  49 000 км, 2.4 AT (148 л.с.), внедорожник, передний, бензин";https://www.avito.ru/sankt-peterburg/avtomobili/geely_emgrand_x7_2015_1341960435
21:39:22 29.03.2019;KIA Soul, 2012;"545 000  ₽
  82 600 км, 1.6 AT (128 л.с.), хетчбэк, передний, дизель";https://www.avito.ru/sankt-peterburg/avtomobili/kia_soul_2012_1203614281
21:39:22 29.03.2019;Opel Astra, 2014;"450 000  ₽
  73 000 км, 1.8 AT (140 л.с.), универсал, передний, бензин";https://www.avito.ru/sankt-peterburg/avtomobili/opel_astra_2014_1228088480
21:39:22 29.03.2019;Volkswagen Polo, 2016;"530 000  ₽
  77 000 км, 1.6 AT (110 л.с.), седан, передний, бензин";https://www.avito.ru/sankt-peterburg/avtomobili/volkswagen_polo_2016_1114538220
21:39:22 29.03.2019;Hyundai Solaris, 2014;"560 000  ₽
  58 089 км, 1.6 AT (123 л.с.), седан, передний, бензин";https://www.avito.ru/sankt-peterburg/avtomobili/hyundai_solaris_2014_1311770392
21:39:22 29.03.2019;LADA Vesta, 2016;"499 000  ₽
  53 523 км, 1.6 AT (106 л.с.), седан, передний, бензин";https://www.avito.ru/sankt-peterburg/avtomobili/lada_vesta_2016_1705777917
21:39:22 29.03.2019;Ford Focus, 2013;"450 000  ₽
  69 000 км, 1.6 AT (125 л.с.), седан, передний, бензин";https://www.avito.ru/sankt-peterburg/avtomobili/ford_focus_2013_1303176872
21:39:22 29.03.2019;Chery Tiggo (T11), 2014;"470 000  ₽
  54 000 км, 1.6 AT (127 л.с.), внедорожник, передний, бензин";https://www.avito.ru/sankt-peterburg/avtomobili/chery_tiggo_t11_2014_1486453299
21:39:22 29.03.2019;Hyundai Solaris, 2016;"528 000  ₽
  79 000 км, 1.6 AT (123 л.с.), седан, передний, бензин";https://www.avito.ru/sankt-peterburg/avtomobili/hyundai_solaris_2016_1643377592
21:39:22 29.03.2019;Renault Sandero Stepway, 2012;"435 000  ₽
  84 325 км, 1.6 AT (103 л.с.), хетчбэк, передний, бензин";https://www.avito.ru/sankt-peterburg/avtomobili/renault_sandero_stepway_2012_1707503808
21:39:22 29.03.2019;"LADA Granta, 2019 
новый";"518 850  ₽
  1.6 AT (98 л.с.), седан, передний, бензин";https://www.avito.ru/sankt-peterburg/avtomobili/lada_granta_2019_1587621972
21:39:22 29.03.2019;Volkswagen Polo, 2012;"450 000  ₽
  50 000 км, 1.6 AT (105 л.с.), седан, передний, бензин";https://www.avito.ru/sankt-peterburg/avtomobili/volkswagen_polo_2012_1240698221
21:39:22 29.03.2019;KIA Cerato, 2014;"600 000  ₽
  81 200 км, 1.6 AT (130 л.с.), седан, передний, бензин";https://www.avito.ru/sankt-peterburg/avtomobili/kia_cerato_2014_1018787005
21:39:22 29.03.2019;"LADA Granta, 2018 
новый";"556 500  ₽
  1.6 AT (98 л.с.), седан, передний, бензин";https://www.avito.ru/sankt-peterburg/avtomobili/lada_granta_2018_1363161284
21:39:22 29.03.2019;KIA Rio, 2015;"565 000  ₽
  62 000 км, 1.6 AT (123 л.с.), седан, передний, бензин";https://www.avito.ru/sankt-peterburg/avtomobili/kia_rio_2015_1623149348
21:39:22 29.03.2019;KIA Sorento, 2012;400 000  ₽Битый, 51 600 км, 2.4 AT (174 л.с.), универсал, полный, бензин;https://www.avito.ru/sankt-peterburg/avtomobili/kia_sorento_2012_1551650145
21:39:22 29.03.2019;Nissan Almera, 2017;"560 000  ₽
  29 000 км, 1.6 AT (102 л.с.), седан, передний, бензин";https://www.avito.ru/sankt-peterburg/avtomobili/nissan_almera_2017_1287735793
21:39:22 29.03.2019;Hyundai Solaris, 2015;"558 000  ₽
  73 000 км, 1.6 AT (123 л.с.), седан, передний, бензин";https://www.avito.ru/sankt-peterburg/avtomobili/hyundai_solaris_2015_1600909201
21:39:22 29.03.2019;Peugeot 408, 2013;"499 000  ₽
  59 000 км, 1.6 AT (120 л.с.), седан, передний, бензин";https://www.avito.ru/sankt-peterburg/avtomobili/peugeot_408_2013_1397794824
21:39:22 29.03.2019;Volkswagen Polo, 2015;"545 000  ₽
  71 283 км, 1.6 AT (110 л.с.), седан, передний, бензин";https://www.avito.ru/sankt-peterburg/avtomobili/volkswagen_polo_2015_1312218535
21:39:22 29.03.2019;Ford Focus, 2013;"520 000  ₽
  72 000 км, 2.0 AT (150 л.с.), хетчбэк, передний, бензин";https://www.avito.ru/sankt-peterburg/avtomobili/ford_focus_2013_1409116080
21:39:22 29.03.2019;Hyundai i30, 2014;"499 000  ₽
  46 272 км, 1.6 AT (130 л.с.), хетчбэк, передний, бензин";https://www.avito.ru/sankt-peterburg/avtomobili/hyundai_i30_2014_1227975520
21:39:22 29.03.2019;Volkswagen Polo, 2015;"515 000  ₽
  84 000 км, 1.6 AT (110 л.с.), седан, передний, бензин";https://www.avito.ru/sankt-peterburg/avtomobili/volkswagen_polo_2015_1182446940
21:39:22 29.03.2019;Ford Focus, 2013;"450 000  ₽
  80 000 км, 1.6 AT (135 л.с.), седан, передний, бензин";https://www.avito.ru/sankt-peterburg/avtomobili/ford_focus_2013_1417186902
21:39:22 29.03.2019;Chevrolet Cruze, 2015;"571 000  ₽
  86 000 км, 1.8 AT (141 л.с.), универсал, передний, бензин";https://www.avito.ru/sankt-peterburg/avtomobili/chevrolet_cruze_2015_1676822529
21:39:22 29.03.2019;Chevrolet Aveo, 2013;"450 000  ₽
  78 900 км, 1.6 AT (115 л.с.), хетчбэк, передний, бензин";https://www.avito.ru/sankt-peterburg/avtomobili/chevrolet_aveo_2013_977986478
21:39:22 29.03.2019;Skoda Fabia, 2014;"554 000  ₽
  75 000 км, 1.6 AT (105 л.с.), хетчбэк, передний, бензин";https://www.avito.ru/sankt-peterburg/avtomobili/skoda_fabia_2014_1427570211
21:39:22 29.03.2019;"Datsun mi-DO, 2019 
новый";"539 000  ₽
  1.6 AT (87 л.с.), хетчбэк, передний, бензин";https://www.avito.ru/sankt-peterburg/avtomobili/datsun_mi-do_2019_1553302692
21:39:22 29.03.2019;Hyundai Solaris, 2015;"544 000  ₽
  89 645 км, 1.6 AT (123 л.с.), хетчбэк, передний, бензин";https://www.avito.ru/sankt-peterburg/avtomobili/hyundai_solaris_2015_1527555973
21:39:22 29.03.2019;Citroen DS 4, 2012;"575 000  ₽
  75 500 км, 1.6 AT (150 л.с.), хетчбэк, передний, бензин";https://www.avito.ru/sankt-peterburg/avtomobili/citroen_ds_4_2012_1150395149
21:39:22 29.03.2019;Hyundai Solaris, 2016;"569 000  ₽
  54 487 км, 1.6 AT (123 л.с.), седан, передний, бензин";https://www.avito.ru/sankt-peterburg/avtomobili/hyundai_solaris_2016_1617096300
21:39:22 29.03.2019;Citroen C-Elysee, 2013;"475 000  ₽
  87 000 км, 1.6 AT (116 л.с.), седан, передний, бензин";https://www.avito.ru/sankt-peterburg/avtomobili/citroen_c-elysee_2013_1479708896
21:39:22 29.03.2019;Peugeot 408, 2014;"545 000  ₽
  39 800 км, 1.6 AT (120 л.с.), седан, передний, бензин";https://www.avito.ru/sankt-peterburg/avtomobili/peugeot_408_2014_1591941194
21:39:22 29.03.2019;Hyundai Solaris, 2015;"495 000  ₽
  62 300 км, 1.6 AT (123 л.с.), седан, передний, бензин";https://www.avito.ru/sankt-peterburg/avtomobili/hyundai_solaris_2015_1651583557
21:39:22 29.03.2019;Peugeot 408, 2014;"530 000  ₽
  42 000 км, 1.6 AT (120 л.с.), седан, передний, бензин";https://www.avito.ru/sankt-peterburg/avtomobili/peugeot_408_2014_1604286377
21:39:22 29.03.2019;Volkswagen Polo, 2013;"438 000  ₽
  75 000 км, 1.6 AT (105 л.с.), седан, передний, бензин";https://www.avito.ru/sankt-peterburg/avtomobili/volkswagen_polo_2013_1339936733
21:39:22 29.03.2019;Volkswagen Jetta, 2013;"580 580  ₽
  84 765 км, 1.6 AT (105 л.с.), седан, передний, бензин";https://www.avito.ru/sankt-peterburg/avtomobili/volkswagen_jetta_2013_943652649
21:39:22 29.03.2019;Chevrolet Lacetti, 2012;"400 000  ₽
  84 000 км, 1.6 AT (109 л.с.), седан, передний, бензин";https://www.avito.ru/sankt-peterburg/avtomobili/chevrolet_lacetti_2012_1370933743
21:39:22 29.03.2019;Opel Astra, 2014;"580 000  ₽
  69 000 км, 1.8 AT (140 л.с.), хетчбэк, передний, бензин";https://www.avito.ru/sankt-peterburg/avtomobili/opel_astra_2014_1491140203
21:39:22 29.03.2019;Volkswagen Polo, 2016;"590 000  ₽
  33 000 км, 1.6 AT (110 л.с.), седан, передний, бензин";https://www.avito.ru/sankt-peterburg/avtomobili/volkswagen_polo_2016_1409371671
21:39:22 29.03.2019;Hyundai Solaris, 2016;"589 000  ₽
  74 000 км, 1.6 AT (123 л.с.), седан, передний, бензин";https://www.avito.ru/sankt-peterburg/avtomobili/hyundai_solaris_2016_1532710052
21:39:22 29.03.2019;Volkswagen Polo, 2016;"600 000  ₽
  33 000 км, 1.6 AT (110 л.с.), седан, передний, бензин";https://www.avito.ru/sankt-peterburg/avtomobili/volkswagen_polo_2016_1459548439
21:39:22 29.03.2019;Ford Focus, 2013;"515 000  ₽
  76 630 км, 1.6 AT (125 л.с.), хетчбэк, передний, бензин";https://www.avito.ru/sankt-peterburg/avtomobili/ford_focus_2013_1321831998
21:39:22 29.03.2019;Datsun on-DO, 2017;"410 000  ₽
  47 000 км, 1.6 AT (87 л.с.), седан, передний, бензин";https://www.avito.ru/sankt-peterburg/avtomobili/datsun_on-do_2017_1247500605
21:39:22 29.03.2019;Ford Fiesta, 2016;445 000  ₽Битый, 41 000 км, 1.6 AT (105 л.с.), седан, передний, бензин;https://www.avito.ru/sankt-peterburg/avtomobili/ford_fiesta_2016_1039831692
21:39:22 29.03.2019;Renault Duster, 2014;"549 900  ₽
  64 000 км, 2.0 AT (135 л.с.), внедорожник, передний, бензин";https://www.avito.ru/sankt-peterburg/avtomobili/renault_duster_2014_989853636
21:39:22 29.03.2019;Hyundai Solaris, 2016;"549 500  ₽
  68 451 км, 1.6 AT (123 л.с.), седан, передний, бензин";https://www.avito.ru/sankt-peterburg/avtomobili/hyundai_solaris_2016_1263949413
